<?xml version="1.0" encoding="utf-8"?>
<extension type="module" version="3.1.1" client="site" method="upgrade">
    <name>Wandora topics</name>
    <author>Niko Laitinen</author>
    <version>2.0.0</version>
    <license>GNU GPL v3</license>
    <copyright>2004-2009 Grip Studios Interactive, Inc.</copyright>
    <description>Wandora topics module uses SOAP extension to read topics from Wandora application and displays the html presentation from the currently open topic.</description>
    <files>
        <filename>mod_wandora_topics.xml</filename>
        <filename module="mod_wandora_topics">mod_wandora_topics.php</filename>
        <filename>index.html</filename>
        <filename>helper.php</filename>
        <filename>tmpl/default.php</filename>
        <filename>tmpl/index.html</filename>
        <filename>tmpl/ajax.php</filename>
        <filename>tmpl/ajax_instances.php</filename>
        <filename>tmpl/default.css</filename>
    </files>
    <config>
    	<fields name="params">
	    <fieldset name="basic">
			<field name="showinstances" type="radio" default="0" label="Show only instances" description="">
				<option value="0">No</option>
				<option value="1">Yes</option>
			</field>
			<field name="defaulttopic" type="text" class="inputbox" default="http://www.wandora.org/core/schema-type" size="60" label="Default topic SI" description="Please enter the subject identifier of the default topic." />
			<field name="soapclient" type="text" class="inputbox" default="http://localhost:8898/axis/services/TopicMapService?wsdl" size="60" label="SoapClient URL" description="Please enter URL to the SOAP client." />
		</fieldset>
		</fields>
    </config>
</extension>